ub0,ub1,ub2,rms_err,e11,e10,e12,ftype,lb1,lb0,lb2,K,a1,c2,c1,c0,e21,e20,d,e22,e02,e00,e01,max_err
1.4967999999999999,200000.00000000006,1.05,0.058407965887241911,-1.4161195049339492,2.8012352917689634,1.7930368472418696,SMA,124999.99999999991,0.94650000000000001,0.80000000000000004,3,4.8518043289291191,2.1338746504764711e-21,0.023787548342437615,1.5823808018236045e+25,-0.39413784353953946,85.942190668112758,3,-11.415190296640231,3.6829767919825027,-3.2889063238480141,-6.4120269270225556,0.29233427704766601
