ftype,K,d,lb0,ub0,lb1,ub1,lb2,ub2,a1,c0,e00,e01,e02,c1,e10,e11,e12,c2,e20,e21,e22,rms_err,max_err
SMA,3,3,0.23979999999999999,1.562,499999.9999999997,3000000.0000000023,0.05000000000000001,0.175,0.002022360098386956,0.9741258756336998,-0.00027544060587587096,0.0007534314560360625,-1.586441727965001e-08,0.1612451918599867,-0.05495080567858196,-0.2450982131870888,2.951902136774148e-06,9.393592009058063e-05,7.434244643995519,-0.003237570687426656,9.343823418562773e-07,0.06937838639538794,0.21468828814808605
