ub0,ub1,ub2,rms_err,e11,e10,e12,ftype,lb1,lb0,lb2,K,a1,c2,c1,c0,e21,e20,d,e22,e02,e00,e01,max_err
1.5012000000000001,599999.99999999988,0.14599999999999999,0.05630048611723882,-2.1472361935430171,8.2718742214047492,0.71098904314408307,SMA,124999.99999999991,0.94650000000000001,0.1094,3,6.9150024044813572,1.3297088748648847e+29,0.018880654420562477,1.2593774746863988e-25,-7.057351525640577,-3.9654883145180073,3,4.481052921876957,-7.874453097710683,92.288921278163883,-1.6834034485029763,0.33031014983521656
