ub0,ub1,ub2,ub3,rms_err,e11,e10,e13,e12,ftype,lb1,lb0,lb3,lb2,K,a1,c2,c1,c0,e21,e20,d,e22,e23,e02,e03,e00,e01,max_err
1.4967999999999999,400000.00000000017,0.14366200000000001,9.0000000000000018,0.063695880899098126,-3.4978777607866367,9.2600947350703962,-0.88271041083211232,2.1965103266895576,SMA,124999.99999999991,0.94650000000000001,4.9999999999999991,0.1094,3,8.5104876550123354,1.6338549536977721e-13,57589.582916527615,2.5033177548257642e+31,-2.3849832941959912,95.559882891191606,4,-5.2561003869403224,-9.6335397704305628,5.3223871209752867,5.3585192829073742,-4.7362649691832637,-8.8531638222611111,0.36317378014191215
