ub0,ub1,ub2,rms_err,e11,e10,e12,ftype,lb1,lb0,lb2,K,a1,c2,c1,c0,e21,e20,d,e22,e02,e00,e01,max_err
1.4967999999999999,200000.00000000006,0.14599999999999999,0.059076524200997134,-0.29263945724674661,79.568139366470504,-10.304554304002894,SMA,124999.99999999991,0.94650000000000001,0.1094,3,4.5436231241308596,0.3578055893170638,3.1019117663380909e-29,6.9979062548073968e+26,-1.2591138734961331,2.623710793651445,3,1.6756227421062306,3.3018050808344763,-3.1542025825390487,-6.0843492561891646,0.29477087676459446
